{
  "delta_ppl": [
    28.419749226284928,
    5257.920461027516,
    5.560017152477158,
    4.857462118801301,
    5.883567949048704,
    6.194452655613745,
    5.071131238497259,
    19.278466317008693
  ],
  "base_ppl": 41.62160803331931
}