{
  "loss": 3.7286194562911987,
  "ppl": 41.62160803331931
}