{
  "delta_ppl": [
    13.516809638324467,
    9875.922217432497,
    7.915498372522357,
    7.046065855634723,
    11.78290480045031,
    11.13172543760654,
    11.463558769680816,
    38.379880462411485
  ],
  "base_ppl": 42.03524485863877
}