{
  "loss": 3.738508429683623,
  "ppl": 42.03524485863877
}