{
  "delta_ppl": [
    36976.016099355846,
    8.576700501448407,
    6.3405825703056635,
    4.068467431457677,
    2.892809851905838,
    2.1603449745046817,
    2.48777170912917,
    6.923354836025204
  ],
  "base_ppl": 35.24015550468099
}