{
  "loss": 3.5621862137903935,
  "ppl": 35.24015550468099
}