{
  "param_count": 58466816,
  "param_count_m": 58.466816,
  "trainable_param_count": 55254528,
  "trainable_param_count_m": 55.254528
}