{
  "delta_ppl": [
    14299.419781277798,
    7.0927203914827714,
    20.534093610955523,
    5.3532755008972615,
    18.584909871479603,
    18.740633780505767,
    12.267192109467224,
    212.42525808076482
  ],
  "base_ppl": 29.932148920715477
}