{
  "loss": 3.398933117506934,
  "ppl": 29.932148920715477
}