{
  "delta_ppl": [
    22416.75558356068,
    4.980755434563456,
    4.293702750082552,
    4.962684685943614,
    6.02460889468756,
    6.869075278294332,
    6.017783688410688,
    19.32276302917961
  ],
  "base_ppl": 36.14440937496933
}