{
  "loss": 3.587522285883544,
  "ppl": 36.14440937496933
}