{
  "delta_ppl": [
    8071.830872526682,
    4.088682876411191,
    8.279657313904764,
    11.566102187694469,
    7.734112085463302,
    5.74939054580922,
    5.52444253726545,
    21.926246489963887
  ],
  "base_ppl": 32.241881313743534
}