{
  "loss": 3.4732662693398897,
  "ppl": 32.241881313743534
}