{
  "param_count": 50524672,
  "param_count_m": 50.524672,
  "trainable_param_count": 50524672,
  "trainable_param_count_m": 50.524672
}