{
  "delta_ppl": [
    4452.127110670268,
    2.21409030918025,
    2.091108833579753,
    4.059780975670378,
    7.448920247196924,
    9.45443403385923,
    13.99551756895076,
    63.24146944812618
  ],
  "base_ppl": 76.57655422929447
}