{
  "loss": 4.338290949336818,
  "ppl": 76.57655422929447
}