{
  "delta_ppl": [
    26441.27435837535,
    3.7597523902386456,
    8.081930363319373,
    5.472173719422173,
    7.648154251028821,
    7.648191922720237,
    7.937702093375734,
    27.149592831107945
  ],
  "base_ppl": 32.17991817413308
}