{
  "loss": 3.471342598805662,
  "ppl": 32.17991817413308
}