{
  "delta_ppl": [
    7906.995718046704,
    17.605729400562915,
    7.797332049378959,
    7.841145530686177,
    10.118372336005642,
    13.916838329113602,
    17.00200665014586,
    173.08406158170575
  ],
  "base_ppl": 39.02309255227553
}