{
  "loss": 3.6641535876227205,
  "ppl": 39.02309255227553
}