{
  "param_count": 42128384,
  "param_count_m": 42.128384,
  "trainable_param_count": 16909312,
  "trainable_param_count_m": 16.909312
}