{
  "delta_ppl": [
    16550.062282304807,
    5.630662755466389,
    2.777440721803913,
    5.102660233834257,
    6.948685230258199,
    8.5343383615607,
    9.165544304930492,
    25.73498822074017
  ],
  "base_ppl": 38.39197471139456
}