{
  "loss": 3.647848445861066,
  "ppl": 38.39197471139456
}