{
  "delta_ppl": [
    8552.01013616311,
    1.7205081220655671,
    2.4171596029172377,
    3.6744747015454493,
    5.751421774372616,
    9.556489247236996,
    18.970109065465834,
    45.952554639888845
  ],
  "base_ppl": 73.36919691459255
}