{
  "loss": 4.295504186974197,
  "ppl": 73.36919691459255
}