{
  "delta_ppl": [
    7177.902831901588,
    1.3991269261749828,
    5.642937402248005,
    75.5403480174325,
    66.54057486227735,
    10.398508908845837,
    44.963197478889384,
    82.97995763592725
  ],
  "base_ppl": 31.409087762082013
}