{
  "loss": 3.447097270215144,
  "ppl": 31.409087762082013
}