{
  "delta_ppl": [
    8726.182239511487,
    13.989877628170689,
    8.044499504736422,
    4.839559335509648,
    2.679742012327573,
    2.348878176029068,
    3.230175238078928,
    5.50960274710792
  ],
  "base_ppl": 42.137387125509434
}