{
  "loss": 3.740935401838334,
  "ppl": 42.137387125509434
}