{
  "delta_ppl": [
    45839.17839276184,
    2.3503798142352252,
    0.983030370084343,
    7.0533273651735655,
    16.023878471730214,
    8.998257468928472,
    18.195513424702348,
    35.967026680278394
  ],
  "base_ppl": 36.3715341174519
}