{
  "loss": 3.5937864389575895,
  "ppl": 36.3715341174519
}