{
  "delta_ppl": [
    84.84125740425952,
    644.9602844297551,
    424.35541211672535,
    70.41100233829638,
    203.30252249988553,
    -613.8976161627434,
    287.630729671102,
    -191.66031717988517
  ],
  "base_ppl": 34912.49405595906
}