{
  "loss": 10.460600039998038,
  "ppl": 34912.49405595906
}