{
  "delta_ppl": [
    6431.868763905723,
    18752.497106439492,
    12.071081539017172,
    23.319355846303992,
    14.32849466638131,
    18.13756893475376,
    11.516682321919546,
    105.77666230406308
  ],
  "base_ppl": 36.33571042219936
}