{
  "loss": 3.5928010158851498,
  "ppl": 36.33571042219936
}