{
  "delta_ppl": [
    2135.0405752109014,
    5789.12507779257,
    3.884847489762386,
    5.554047350290425,
    11.28697199805999,
    9.209912325229602,
    15.260526592395102,
    61.81949990396864
  ],
  "base_ppl": 63.558592452190915
}