{
  "loss": 4.151962196240659,
  "ppl": 63.558592452190915
}