{
  "delta_ppl": [
    20793.059075306595,
    20.694061856327686,
    4.576540757126807,
    21.404021450722468,
    11.201925372607825,
    7.374210450306592,
    11.8025296733515,
    19.476443188746813
  ],
  "base_ppl": 41.108419104092924
}