{
  "loss": 3.716212944906266,
  "ppl": 41.108419104092924
}