{
  "delta_ppl": [
    9354.613930011337,
    5.82217718574487,
    4.5368543145299896,
    6.44089084678631,
    6.185557402926676,
    5.593571488378373,
    5.498857606299275,
    19.27232777856213
  ],
  "base_ppl": 37.939055485199454
}