{
  "loss": 3.635981069236505,
  "ppl": 37.939055485199454
}