{
  "delta_ppl": [
    8406.014788753051,
    6.2397878181714646,
    4.723660486604082,
    7.461564754938841,
    6.766117449845233,
    5.471220158187585,
    5.512906207347861,
    21.291113479260517
  ],
  "base_ppl": 38.20066582391042
}