{
  "loss": 3.6428529454059286,
  "ppl": 38.20066582391042
}