{
  "delta_ppl": [
    54.899115381552605,
    24037.66860031749,
    4.990155162893387,
    3.034420022443257,
    3.9920030261879305,
    4.551286523154602,
    3.505613044433943,
    7.6197640133188
  ],
  "base_ppl": 67.17610371777431
}