{
  "loss": 4.207317584850749,
  "ppl": 67.17610371777431
}