{
  "delta_ppl": [
    6796.884779357831,
    37.248491205193105,
    20.108918621977292,
    15.061532731387633,
    12.511183276965465,
    7.710508379740016,
    8.572559053973347,
    76.56186118872867
  ],
  "base_ppl": 28.932129824729092
}