{
  "loss": 3.364952736213559,
  "ppl": 28.932129824729092
}