{
  "delta_ppl": [
    8057.304693139338,
    2.749755461344023,
    2.3085047150734823,
    2.4619066002056655,
    2.9514173790698166,
    5.445849302257123,
    12.904164713760203,
    160.81489743117564
  ],
  "base_ppl": 38.43326730139956
}