{
  "loss": 3.648923420515217,
  "ppl": 38.43326730139956
}