{
  "delta_ppl": [
    10146.404757066104,
    5.810761818670123,
    3.5943675724651243,
    5.4202879160723825,
    9.482916376895012,
    9.228830457391844,
    7.800998061682705,
    29.479833087382644
  ],
  "base_ppl": 32.40612379382611
}