{
  "loss": 3.4783474109211907,
  "ppl": 32.40612379382611
}