{
  "delta_ppl": [
    5812.366720991139,
    19.84714083897637,
    19.189863429621656,
    14.129380152371386,
    10.958967909639501,
    12.338846953692492,
    10.108135542613734,
    99.7981146505265
  ],
  "base_ppl": 28.967560751980148
}