{
  "loss": 3.3661766091331105,
  "ppl": 28.967560751980148
}