{
  "delta_ppl": [
    12473.602629317069,
    4.874542103128228,
    4.137774966595053,
    4.862595045900484,
    6.308437407010949,
    6.968952762433368,
    6.161200629881044,
    19.817391473825104
  ],
  "base_ppl": 36.09203453034935
}