{
  "loss": 3.586072190863187,
  "ppl": 36.09203453034935
}