{
  "delta_ppl": [
    240.91094133938637,
    6180.3443086395455,
    6.010966048433957,
    4.2571628287124526,
    4.949459699162404,
    4.683529003079002,
    4.0996647809475775,
    12.398051133918173
  ],
  "base_ppl": 83.77267600323361
}