{
  "loss": 4.428106892304342,
  "ppl": 83.77267600323361
}