{
  "param_count": 58466816,
  "param_count_m": 58.466816,
  "trainable_param_count": 32768512,
  "trainable_param_count_m": 32.768512
}