{
  "delta_ppl": [
    7693.626469623317,
    3.977915880038843,
    8.03514327150976,
    11.632775785079119,
    7.9585964430421114,
    5.685765809068222,
    5.565529514579659,
    22.292938037418402
  ],
  "base_ppl": 32.24374882019422
}