{
  "loss": 3.473324189420606,
  "ppl": 32.24374882019422
}