{
  "delta_ppl": [
    6274.587964430153,
    4.3129559025157675,
    8.488109309879022,
    7.49128025410117,
    11.731056451487191,
    60.113767994697895,
    47.898245709134216,
    1168.99389660758
  ],
  "base_ppl": 34.66744780920445
}