{
  "loss": 3.5458011431772203,
  "ppl": 34.66744780920445
}