{
  "delta_ppl": [
    234.03540884040558,
    103.88506813212734,
    -84.3482801815262,
    55.5460381988014,
    257.0844373663858,
    -144.90764943252725,
    332.12167854780273,
    -82.86101130033785
  ],
  "base_ppl": 35200.0246277268
}