{
  "loss": 10.468802061237273,
  "ppl": 35200.0246277268
}