{
  "delta_ppl": [
    13510.15914794275,
    69.28533386933697,
    23.844305333084208,
    7.217510091749851,
    3.9871229742416006,
    3.5007972071139903,
    2.8814190440646996,
    8.259495397556314
  ],
  "base_ppl": 31.18196780678396
}