{
  "loss": 3.439839972824347,
  "ppl": 31.18196780678396
}