{
  "delta_ppl": [
    9389.144636597575,
    5.238301119482017,
    5.073030623247405,
    8.052307487663477,
    8.903263357539409,
    10.47562781608221,
    7.300460365200749,
    21.869065959695334
  ],
  "base_ppl": 32.477684047810904
}