{
  "loss": 3.4805532088045212,
  "ppl": 32.477684047810904
}