{
  "delta_ppl": [
    10674.2291127369,
    5.846058440905459,
    3.8609421806296425,
    4.301526699297632,
    6.026390623794896,
    7.8007172833473675,
    7.608729737497811,
    26.846294906217437
  ],
  "base_ppl": 38.432869455124475
}