{
  "loss": 3.648913068849532,
  "ppl": 38.432869455124475
}