{
  "delta_ppl": [
    30967.156463816696,
    4.917784036157485,
    1.8801772966993937,
    1.865592086287009,
    2.7311242599044903,
    5.8179355453886,
    12.23087451926284,
    121.02472188138982
  ],
  "base_ppl": 44.08157811012056
}