{
  "loss": 3.786041965250109,
  "ppl": 44.08157811012056
}