{
  "delta_ppl": [
    7262.860147083538,
    40.15179064179856,
    28.686330735000453,
    16.713830606920496,
    7.501826158337238,
    11.785386706762644,
    7.794264372762619,
    91.0534788010196
  ],
  "base_ppl": 29.05724422917897
}