{
  "loss": 3.3692678232662012,
  "ppl": 29.05724422917897
}