{
  "delta_ppl": [
    6275.790893634706,
    20.883442249126706,
    21.65507884884722,
    14.886860265206064,
    11.02665535069838,
    11.931339256899005,
    9.980739839621176,
    98.4071633369232
  ],
  "base_ppl": 28.935757246825933
}