{
  "loss": 3.3650781053011536,
  "ppl": 28.935757246825933
}